{
  "products": [
    { "id": 1, "name": "사과 1개", "price": 1500, "stock": 120 },
    { "id": 2, "name": "바나나 1송이", "price": 2500, "stock": 80 },
    { "id": 3, "name": "방울토마토 200g", "price": 1800, "stock": 60 },
    { "id": 4, "name": "당근 2개", "price": 1300, "stock": 70 },
    { "id": 5, "name": "감자 1kg", "price": 2200, "stock": 90 },
    { "id": 6, "name": "양파 1kg", "price": 2000, "stock": 100 },
    { "id": 7, "name": "브로콜리 1개", "price": 1700, "stock": 55 },
    { "id": 8, "name": "청경채 1단", "price": 1600, "stock": 40 },
    { "id": 9, "name": "시금치 1단", "price": 1500, "stock": 75 },
    { "id": 10, "name": "오이 2개", "price": 1400, "stock": 65 },
    { "id": 11, "name": "파프리카 2개", "price": 2000, "stock": 50 },
    { "id": 12, "name": "상추 1봉지", "price": 1300, "stock": 80 },
    { "id": 13, "name": "깻잎 1봉지", "price": 1000, "stock": 100 },
    { "id": 14, "name": "배추 1/4포기", "price": 1500, "stock": 60 },
    { "id": 15, "name": "고구마 1kg", "price": 3000, "stock": 45 },
    { "id": 16, "name": "무 1개", "price": 1800, "stock": 70 },
    { "id": 17, "name": "파 1단", "price": 1200, "stock": 90 },
    { "id": 18, "name": "가지 2개", "price": 2000, "stock": 100 },
    { "id": 19, "name": "애호박 1개", "price": 1700, "stock": 85 },
    { "id": 20, "name": "토마토 3개", "price": 2500, "stock": 60 }
  ],
  "points": {
    "points": 1000
  }
}
